Subject,Total,UR,OBC,SC,ST,EWS,INSTITUTE,COURSE
Anesthesiology,12,6,3,1,1,1,AIIMS NEW DELHI,MD
Anatomy,5,2,2,0,0,1,AIIMS NEW DELHI,MD
Biochemistry,3,0,1,1,0,1,AIIMS NEW DELHI,MD
Biophysics,2,1,1,0,0,0,AIIMS NEW DELHI,MD
Community Medicine,2,2,0,0,0,0,AIIMS NEW DELHI,MD
Dermatology & Venerology,4,1,1,1,1,0,AIIMS NEW DELHI,MD
Emergency Medicine,5,2,1,1,0,1,AIIMS NEW DELHI,MD
Geriatric Medicine,4,2,1,0,0,1,AIIMS NEW DELHI,MD
Hospital Administration,7,3,2,1,1,0,AIIMS NEW DELHI,MD
Medicine,9,3,2,2,1,1,AIIMS NEW DELHI,MD
Microbiology,2,0,0,1,0,1,AIIMS NEW DELHI,MD
Nuclear Medicine,1,1,0,0,0,0,AIIMS NEW DELHI,MD
Obst. & Gynae,18,8,5,2,1,2,AIIMS NEW DELHI,MS
Ophthalmology,8,3,2,1,1,1,AIIMS NEW DELHI,MD
Orthopedics,6,2,2,1,1,0,AIIMS NEW DELHI,MS
Otorhinolaryngology,2,2,0,0,0,0,AIIMS NEW DELHI,MS
Paediatrics,4,2,1,1,0,0,AIIMS NEW DELHI,MD
Palliative Medicine,3,1,1,1,0,0,AIIMS NEW DELHI,MD
Pathology,5,2,1,1,0,1,AIIMS NEW DELHI,MD
Pharmacology,1,0,1,0,0,0,AIIMS NEW DELHI,MD
Psychiatry,4,2,1,1,0,0,AIIMS NEW DELHI,MD
Radiodiagnosis & Interventional Radiology,7,4,2,1,0,0,AIIMS NEW DELHI,MD
Surgery,6,1,2,1,1,1,AIIMS NEW DELHI,MS
Transfusion Medicine,2,0,1,1,0,0,AIIMS NEW DELHI,MD
Conservative Dentistry & Endodontics,1,1,0,0,0,0,AIIMS NEW DELHI,MDS
Pediatrics and Preventive Dentistry,1,0,1,0,0,0,AIIMS NEW DELHI,MDS
Prosthodontics,1,0,0,0,1,0,AIIMS NEW DELHI,MDS
Neurosurgery MCh (Direct 6-year Course),2,2,0,0,0,0,AIIMS NEW DELHI,MCH
Anesthesiology,4,2,1,0,0,1,AIIMS BHOPAL,MD
Anatomy,2,0,1,1,0,0,AIIMS BHOPAL,MD
Biochemistry,2,2,0,0,0,0,AIIMS BHOPAL,MD
Community Medicine,2,1,0,0,1,0,AIIMS BHOPAL,MD
Dermatology,1,0,1,0,0,0,AIIMS BHOPAL,MD
Emergency Medicine,3,2,1,0,0,0,AIIMS BHOPAL,MD
ENT,2,1,0,1,0,0,AIIMS BHOPAL,MS
Forensic Medicine & Toxicology,2,1,1,0,0,0,AIIMS BHOPAL,MD
General Medicine,2,1,0,0,0,1,AIIMS BHOPAL,MD
Geriatric Medicine,1,1,0,0,0,0,AIIMS BHOPAL,MD
General Surgery,3,0,1,1,1,0,AIIMS BHOPAL,MS
Hospital Administration,2,1,1,0,0,0,AIIMS BHOPAL,MD
Microbiology,2,1,0,1,0,0,AIIMS BHOPAL,MD
Obstetrics & Gynaecology,3,1,1,0,0,1,AIIMS BHOPAL,MS
Ophthalmology,2,1,1,0,0,0,AIIMS BHOPAL,MD
Orthopedics,2,1,0,1,0,0,AIIMS BHOPAL,MS
Paediatrics,3,0,1,0,1,1,AIIMS BHOPAL,MD
Pathology,3,2,1,0,0,0,AIIMS BHOPAL,MD
Pharmacology,2,1,0,1,0,0,AIIMS BHOPAL,MD
Physiology,2,1,1,0,0,0,AIIMS BHOPAL,MD
Psychiatry,3,2,0,0,1,0,AIIMS BHOPAL,MD
Radiodiagnosis,4,0,2,1,0,1,AIIMS BHOPAL,MD
Transfusion Medicine & Blood Bank,1,1,0,0,0,0,AIIMS BHOPAL,MD
Dentistry (Oral & Maxillofacial Surgery),1,0,0,1,0,0,AIIMS BHOPAL,MDS
Dentistry (Public Health Dentistry),1,0,0,0,0,1,AIIMS BHOPAL,MDS
Paediatric Surgery (MCh 6 year),2,2,0,0,0,0,AIIMS BHOPAL,MCh
Anesthesiology & Critical Care,5,2,1,1,1,0,AIIMS JODHPUR,MD
Anatomy,2,1,1,0,0,0,AIIMS JODHPUR,MD
Biochemistry,4,2,1,1,0,0,AIIMS JODHPUR,MD
Community Medicine,4,1,1,1,0,1,AIIMS JODHPUR,MD
Dermatology & Venereology,4,2,1,0,0,1,AIIMS JODHPUR,MD
Emergency Medicine,2,1,0,0,0,1,AIIMS JODHPUR,MD
Family Medicine,2,1,1,0,0,0,AIIMS JODHPUR,MD
Forensic Medicine and Toxicology,5,2,2,1,0,0,AIIMS JODHPUR,MD
General Medicine,5,2,2,1,0,0,AIIMS JODHPUR,MD
General Surgery,4,1,1,1,0,1,AIIMS JODHPUR,MS
Microbiology,5,2,2,0,1,0,AIIMS JODHPUR,MD
Nuclear Medicine,2,1,0,1,0,0,AIIMS JODHPUR,MD
Obstetrics & Gynaecology,2,1,1,0,0,0,AIIMS JODHPUR,MS
Ophthalmology,1,1,0,0,0,0,AIIMS JODHPUR,MD
Orthopedics,2,1,0,0,1,0,AIIMS JODHPUR,MS
Otorhinolaryngology,1,1,0,0,0,0,AIIMS JODHPUR,MS
Paediatrics,5,2,2,1,0,0,AIIMS JODHPUR,MD
Pathology,4,1,1,1,0,1,AIIMS JODHPUR,MD
Pharmacology,1,1,0,0,0,0,AIIMS JODHPUR,MD
Physiology,4,2,1,0,0,1,AIIMS JODHPUR,MD
PMR,1,0,0,1,0,0,AIIMS JODHPUR,MD
Psychiatry,2,1,0,0,1,0,AIIMS JODHPUR,MD
Radiology,6,2,2,0,1,1,AIIMS JODHPUR,MD
Transfusion Medicine & Blood Bank,1,0,0,0,1,0,AIIMS JODHPUR,MD
Dentistry‐Oral & Maxillofacial Surgery (MDS),2,0,0,1,0,1,AIIMS JODHPUR,MDS
Dentistry‐Endodontics & Conservative Dentistry (MDS),2,1,0,1,0,0,AIIMS JODHPUR,MDS
Dentistry‐Orthodontics & Dentofacial Orthopedics (MDS),2,1,1,0,0,0,AIIMS JODHPUR,MDS
Neurosurgery (MCh. 6 Years),2,2,0,0,0,0,AIIMS JODHPUR,MCh
Paediatric Surgery (MCh. 6 Years),1,1,0,0,0,0,AIIMS JODHPUR,MCh
Radiotherapy & Oncology (DM 6 Years),2,2,0,0,0,0,AIIMS JODHPUR,MCh
CTVS (MCh. 6 Years),2,2,0,0,0,0,AIIMS JODHPUR,MCh
Hospital Administration,2,1,1,0,0,0,AIIMS JODHPUR,MD
Anesthesiology,5,0,2,1,1,1,AIIMS RISHIKESH,MD
Anatomy,4,2,1,0,0,1,AIIMS RISHIKESH,MD
Biochemistry,2,0,1,1,0,0,AIIMS RISHIKESH,MD
"Dermatology, Venereology & Leprosy",1,1,0,0,0,0,AIIMS RISHIKESH,MD
Emergency Medicine,3,2,0,1,0,0,AIIMS RISHIKESH,MD
Otorhinolaryngology,1,0,1,0,0,0,AIIMS RISHIKESH,MS
Forensic Medicine & Toxicology,1,1,0,0,0,0,AIIMS RISHIKESH,MD
General Medicine,6,2,2,1,0,1,AIIMS RISHIKESH,MD
Geriatric Medicine,2,0,0,1,1,0,AIIMS RISHIKESH,MD
General Surgery,4,3,1,0,0,0,AIIMS RISHIKESH,MS
Microbiology,1,1,0,0,0,0,AIIMS RISHIKESH,MD
Nuclear Medicine,1,1,0,0,0,0,AIIMS RISHIKESH,MD
Obst & Gynaecology,4,1,2,0,1,0,AIIMS RISHIKESH,MS
Ophthalmology,1,0,0,1,0,0,AIIMS RISHIKESH,MD
Orthopedics,3,1,1,0,0,1,AIIMS RISHIKESH,MS
Paediatrics,2,2,0,0,0,0,AIIMS RISHIKESH,MD
Pathology,1,1,0,0,0,0,AIIMS RISHIKESH,MD
Pharmacology,0,0,0,0,0,0,AIIMS RISHIKESH,MD
Physiology,1,1,0,0,0,0,AIIMS RISHIKESH,MD
Psychiatry,1,1,0,0,0,0,AIIMS RISHIKESH,MD
Diagnostic & Interventional Radiology,2,1,1,0,0,0,AIIMS RISHIKESH,MD
Respiratory Medicine,0,0,0,0,0,0,AIIMS RISHIKESH,MD
Transfusion Medicine,1,1,0,0,0,0,AIIMS RISHIKESH,MD
Cardiothoracic & Vascular Surgery (MCh 6 Years),2,2,0,0,0,0,AIIMS RISHIKESH,MCh
Anesthesiology,3,2,1,0,0,0,AIIMS NAGPUR,MD
Anatomy,1,0,0,0,0,1,AIIMS NAGPUR,MD
Biochemistry,1,0,0,0,0,1,AIIMS NAGPUR,MD
Burns & Plastic Surgery (6 Years),1,1,0,0,0,0,AIIMS NAGPUR,MCh
Community Medicine,1,1,0,0,0,0,AIIMS NAGPUR,MD
Dermatology,1,0,1,0,0,0,AIIMS NAGPUR,MD
Emergency Medicine,2,0,1,0,1,0,AIIMS NAGPUR,MD
Family Medicine,1,0,0,1,0,0,AIIMS NAGPUR,MD
Forensic Medicine & Toxicology,1,0,0,1,0,0,AIIMS NAGPUR,MD
General Medicine,5,1,2,1,0,1,AIIMS NAGPUR,MD
General Surgery,5,2,2,1,0,0,AIIMS NAGPUR,MS
Hospital Administration,1,1,0,0,0,0,AIIMS NAGPUR,MD
Conservative Dentistry & Endodontics (MDS),1,0,0,0,0,1,AIIMS NAGPUR,MDS
Oral & Maxillofacial Surgery (MDS),1,1,0,0,0,0,AIIMS NAGPUR,MDS
Microbiology,1,0,1,0,0,0,AIIMS NAGPUR,MD
Neurosurgery (6 Years),1,1,0,0,0,0,AIIMS NAGPUR,MCh
Obst. & Gyn.,3,2,1,0,0,0,AIIMS NAGPUR,MS
Ophthalmology,1,0,0,0,1,0,AIIMS NAGPUR,MD
Orthopedics,2,0,1,0,1,0,AIIMS NAGPUR,MS
Otorhinolaryngology,1,1,0,0,0,0,AIIMS NAGPUR,MS
Paediatric Surgery (6 Years),1,1,0,0,0,0,AIIMS NAGPUR,MCh
Paediatrics,3,1,1,1,0,0,AIIMS NAGPUR,MD
Pathology,2,0,1,1,0,0,AIIMS NAGPUR,MD
Pharmacology,1,1,0,0,0,0,AIIMS NAGPUR,MD
Physical Medicine and Rehabilitation,1,0,0,0,0,1,AIIMS NAGPUR,MD
Physiology,1,1,0,0,0,0,AIIMS NAGPUR,MD
Psychiatry,1,0,0,0,1,0,AIIMS NAGPUR,MD
Radiation Oncology,1,1,0,0,0,0,AIIMS NAGPUR,MD
Radiodiagnosis,2,0,1,1,0,0,AIIMS NAGPUR,MD
Anatomy,1,0,0,0,1,0,AIIMS BIBINAGAR,MD
Biochemistry,1,1,0,0,0,0,AIIMS BIBINAGAR,MD
"Dermatology, Venerology and Leprology",2,0,1,0,0,1,AIIMS BIBINAGAR,MD
Forensic Medicine and Toxicology,1,0,0,1,0,0,AIIMS BIBINAGAR,MD
Hospital Administration,2,0,1,1,0,0,AIIMS BIBINAGAR,MD
Orthodontics & Dentofacial Orthopedics (MDS),2,1,1,0,0,0,AIIMS BIBINAGAR,MDS
Pharmacology,1,1,0,0,0,0,AIIMS BIBINAGAR,MD
Physical Medicine and Rehabilitation,1,1,0,0,0,0,AIIMS BIBINAGAR,MD
Pediatric Surgery (MCh 6 Years),1,1,0,0,0,0,AIIMS BIBINAGAR,MCh
Radiation Oncology,2,2,0,0,0,0,AIIMS BIBINAGAR,MD
Transfusion Medicine and Blood Bank,2,1,1,0,0,0,AIIMS BIBINAGAR,MD
General Medicine,2,1,1,0,0,0,AIIMS BATHINDA,MD
General Surgery,2,1,0,1,0,0,AIIMS BATHINDA,MS
Hospital Admin,1,1,0,0,0,0,AIIMS BATHINDA,MD
Ophthalmology,1,1,0,0,0,0,AIIMS BATHINDA,MD
Paediatrics,1,1,0,0,0,0,AIIMS BATHINDA,MD
Plastic and Reconstructive Surgery (MCh 6 Years),1,1,0,0,0,0,AIIMS BATHINDA,MCh
Cardio Thoracic and Vascular Surgery (CTVS) (MCh 6 Years),1,1,0,0,0,0,AIIMS BATHINDA,MCh
Neurosurgery (MCh 6 Years),1,1,0,0,0,0,AIIMS BATHINDA,MCh
Paediatric Surgery (MCh 6 Years),1,1,0,0,0,0,AIIMS BATHINDA,MCh
Anesthesiology,3,2,1,0,0,0,AIIMS DEOGHAR,MD
Community and Family Medicine (CFM),2,1,1,0,0,0,AIIMS DEOGHAR,MD
ENT,1,0,0,0,1,0,AIIMS DEOGHAR,MS
Forensic Medicine and Toxicology (FMT),1,0,0,1,0,0,AIIMS DEOGHAR,MD
General Medicine,3,1,1,0,0,1,AIIMS DEOGHAR,MD
General Surgery,3,1,1,1,0,0,AIIMS DEOGHAR,MS
Microbiology,1,1,0,0,0,0,AIIMS DEOGHAR,MD
Obstetrics & Gynaecology (OBG),2,0,1,0,0,1,AIIMS DEOGHAR,MS
Ophthalmology,1,1,0,0,0,0,AIIMS DEOGHAR,MD
Orthopedics,2,1,1,0,0,0,AIIMS DEOGHAR,MS
Paediatrics,2,0,0,1,1,0,AIIMS DEOGHAR,MD
Pathology/ Lab Medicine,1,1,0,0,0,0,AIIMS DEOGHAR,MD
Physical Medicine and Rehabilitation (PMR),1,0,1,0,0,0,AIIMS DEOGHAR,MD
Psychiatry,1,0,0,0,0,1,AIIMS DEOGHAR,MD
Anesthesiology,3,1,0,1,1,0,AIIMS MANGALAGIRI,MD
Anatomy,1,0,1,0,0,0,AIIMS MANGALAGIRI,MD
Biochemistry,1,1,0,0,0,0,AIIMS MANGALAGIRI,MD
Community Medicine,1,1,0,0,0,0,AIIMS MANGALAGIRI,MD
Dermatology,2,1,1,0,0,0,AIIMS MANGALAGIRI,MD
Emergency Medicine,3,1,1,0,1,0,AIIMS MANGALAGIRI,MD
Forensic Medicine and Toxicology,1,1,0,0,0,0,AIIMS MANGALAGIRI,MD
General Medicine,3,1,1,0,0,1,AIIMS MANGALAGIRI,MD
General Surgery,3,1,0,1,0,1,AIIMS MANGALAGIRI,MS
Hospital Administration,1,0,1,0,0,0,AIIMS MANGALAGIRI,MD
Immunohaematology and Blood Transfusion (Transfusion Medicine),1,0,1,0,0,0,AIIMS MANGALAGIRI,MD
Microbiology,1,0,1,0,0,0,AIIMS MANGALAGIRI,MD
Nuclear Medicine,1,1,0,0,0,0,AIIMS MANGALAGIRI,MD
Obstetrics and Gynecology,3,1,0,1,0,1,AIIMS MANGALAGIRI,MS
Ophthalmology,2,1,1,0,0,0,AIIMS MANGALAGIRI,MD
Orthopedics,2,1,0,1,0,0,AIIMS MANGALAGIRI,MS
Otorhinolaryngology/ENT,2,0,1,1,0,0,AIIMS MANGALAGIRI,MS
Paediatrics,2,1,1,0,0,0,AIIMS MANGALAGIRI,MD
Pathology,1,1,0,0,0,0,AIIMS MANGALAGIRI,MD
Pharmacology,1,1,0,0,0,0,AIIMS MANGALAGIRI,MD
Physical Medicine & Rehabilitation,1,1,0,0,0,0,AIIMS MANGALAGIRI,MD
Physiology,1,0,0,0,1,0,AIIMS MANGALAGIRI,MD
Psychiatry,2,1,0,1,0,0,AIIMS MANGALAGIRI,MD
Radiation Oncology,1,1,0,0,0,0,AIIMS MANGALAGIRI,MD
Radiodiagnosis,3,1,1,0,0,1,AIIMS MANGALAGIRI,MD
Oral & Maxillofacial Surgery (MDS),0,0,0,0,0,0,AIIMS MANGALAGIRI,MDS
Pediatrics and Preventive Dentistry (MDS),0,0,0,0,0,0,AIIMS MANGALAGIRI,MDS
Paediatric Surgery MCh (Direct 6 years Course),2,2,0,0,0,0,AIIMS MANGALAGIRI,MCh
Anesthesiology,2,0,1,1,0,0,AIIMS KALYANI,MD
Anatomy,4,1,1,1,0,1,AIIMS KALYANI,MD
Biochemistry,3,2,1,0,0,0,AIIMS KALYANI,MD
Community Medicine,1,0,0,1,0,0,AIIMS KALYANI,MD
Forensic Medicine & Toxicology,2,1,0,0,0,1,AIIMS KALYANI,MD
Microbiology,2,0,1,0,0,1,AIIMS KALYANI,MD
Orthopedics,1,1,0,0,0,0,AIIMS KALYANI,MS
Otorhinolaryngology,1,0,0,0,1,0,AIIMS KALYANI,MS
Paediatrics,1,0,0,1,0,0,AIIMS KALYANI,MD
Pathology,2,2,0,0,0,0,AIIMS KALYANI,MD
Physiology,5,1,2,1,1,0,AIIMS KALYANI,MD
Psychiatry,1,0,0,1,0,0,AIIMS KALYANI,MD
Anesthesiology,4,1,1,0,1,1,AIIMS BILASPUR,MD
CFM,2,1,1,0,0,0,AIIMS BILASPUR,MD
Dermatology,1,0,0,1,0,0,AIIMS BILASPUR,MD
ENT,2,1,1,0,0,0,AIIMS BILASPUR,MS
General Medicine,2,2,0,0,0,0,AIIMS BILASPUR,MD
General Surgery,2,0,1,0,1,0,AIIMS BILASPUR,MS
OBG,2,0,0,1,0,1,AIIMS BILASPUR,MS
Ophthalmology,1,0,1,0,0,0,AIIMS BILASPUR,MD
Orthopedics,2,2,0,0,0,0,AIIMS BILASPUR,MS
Pathology,1,0,1,0,0,0,AIIMS BILASPUR,MD
Paediatrics,3,2,0,1,0,0,AIIMS BILASPUR,MD
Psychiatry,1,0,1,0,0,0,AIIMS BILASPUR,MD
Radiodiagnosis,2,1,0,0,0,1,AIIMS BILASPUR,MD
Radiotherapy,1,1,0,0,0,0,AIIMS BILASPUR,MD
Anesthesiology,4,2,0,2,0,0,AIIMS GORAKHPUR,MD
Anatomy,1,0,1,0,0,0,AIIMS GORAKHPUR,MD
Biochemistry,1,0,1,0,0,0,AIIMS GORAKHPUR,MD
CMFM,2,0,1,0,0,1,AIIMS GORAKHPUR,MD
Dermatology,2,0,0,1,0,1,AIIMS GORAKHPUR,MD
ENT,2,0,0,0,1,1,AIIMS GORAKHPUR,MS
Emergency Medicine,2,1,1,0,0,0,AIIMS GORAKHPUR,MD
General Medicine,2,1,0,1,0,0,AIIMS GORAKHPUR,MD
General Surgery,4,2,0,2,0,0,AIIMS GORAKHPUR,MS
Microbiology,2,1,1,0,0,0,AIIMS GORAKHPUR,MD
Obstetrics & Gynaecology,4,2,2,0,0,0,AIIMS GORAKHPUR,MS
Ophthalmology,2,1,0,0,1,0,AIIMS GORAKHPUR,MS
Orthopedics,2,1,1,0,0,0,AIIMS GORAKHPUR,MS
Paediatrics,2,1,0,0,1,0,AIIMS GORAKHPUR,MD
Pathology,1,1,0,0,0,0,AIIMS GORAKHPUR,MD
Pharmacology,1,1,0,0,0,0,AIIMS GORAKHPUR,MD
Physiology,1,1,0,0,0,0,AIIMS GORAKHPUR,MD
Psychiatry,2,1,1,0,0,0,AIIMS GORAKHPUR,MD
Anesthesiology,3,2,0,0,1,0,AIIMS GUWAHATI,MD
Anatomy,4,2,1,0,1,0,AIIMS GUWAHATI,MD
Biochemistry,3,1,1,1,0,0,AIIMS GUWAHATI,MD
Community and Family Medicine,3,1,1,1,0,0,AIIMS GUWAHATI,MD
Conservative Dentistry and Endodontics,1,1,0,0,0,0,AIIMS GUWAHATI,MDS
Dermatology,1,0,0,1,0,0,AIIMS GUWAHATI,MD
ENT,2,2,0,0,0,0,AIIMS GUWAHATI,MS
FMT,1,0,0,0,1,0,AIIMS GUWAHATI,MD
General Medicine,2,1,1,0,0,0,AIIMS GUWAHATI,MD
General Surgery,1,1,0,0,0,0,AIIMS GUWAHATI,MS
Microbiology,2,0,1,0,0,1,AIIMS GUWAHATI,MD
Obstetrics & Gynaecology,1,0,0,0,0,1,AIIMS GUWAHATI,MS
Orthopedics,1,0,1,0,0,0,AIIMS GUWAHATI,MS
Paediatrics,2,1,1,0,0,0,AIIMS GUWAHATI,MD
Pathology,2,0,1,0,1,0,AIIMS GUWAHATI,MD
Physical Medicine & Rehabilitation,2,1,0,0,0,1,AIIMS GUWAHATI,MD
Physiology,5,1,3,1,0,0,AIIMS GUWAHATI,MD
Psychiatry,1,0,0,0,0,1,AIIMS GUWAHATI,MD
Radiology,2,2,0,0,0,0,AIIMS GUWAHATI,MD
Ophthalmology,1,1,0,0,0,0,AIIMS GUWAHATI,MD
Pharmacology,1,0,0,1,0,0,AIIMS GUWAHATI,MD
Radiation Oncology,1,1,0,0,0,0,AIIMS GUWAHATI,MD
Trauma & Emergency,1,1,0,0,0,0,AIIMS GUWAHATI,MD
Anesthesiology,5,2,1,1,1,0,AIIMS RAJKOT,MD
Anatomy,4,1,1,1,0,1,AIIMS RAJKOT,MD
Biochemistry,2,1,1,0,0,0,AIIMS RAJKOT,MD
Community & Family Medicine,1,0,1,0,0,0,AIIMS RAJKOT,MD
Conservative Dentistry and Endodontics (MDS),1,1,0,0,0,0,AIIMS RAJKOT,MDS
Oral & Maxillofacial Surgery (MDS),1,0,0,0,0,1,AIIMS RAJKOT,MDS
Pedodontics and Preventive Dentistry (MDS),1,1,0,0,0,0,AIIMS RAJKOT,MDS
Dermatology & Venerology,1,1,0,0,0,0,AIIMS RAJKOT,MD
Family Medicine,1,1,0,0,0,0,AIIMS RAJKOT,MD
Forensic Medicine & Toxicology,2,1,0,0,1,0,AIIMS RAJKOT,MD
General Medicine,4,1,1,0,1,1,AIIMS RAJKOT,MD
General Surgery,3,1,1,1,0,0,AIIMS RAJKOT,MS
Microbiology,3,1,1,1,0,0,AIIMS RAJKOT,MD
Obstetrics and Gynaecology,4,2,1,0,0,1,AIIMS RAJKOT,MS
Ophthalmology,3,1,1,0,0,1,AIIMS RAJKOT,MD
Orthopedics,3,1,1,0,0,1,AIIMS RAJKOT,MS
Otorhinolaryngology (ENT),3,0,1,1,1,0,AIIMS RAJKOT,MS
Paediatrics,2,1,0,1,0,0,AIIMS RAJKOT,MD
Pathology,2,1,1,0,0,0,AIIMS RAJKOT,MD
Pharmacology,1,0,0,1,0,0,AIIMS RAJKOT,MD
Physiology,3,2,1,0,0,0,AIIMS RAJKOT,MD
Radiodiagnosis,3,1,1,1,0,0,AIIMS RAJKOT,MD
Radiation Oncology,2,1,1,0,0,0,AIIMS RAJKOT,MD
Anesthesiology,5,3,1,1,0,0,AIIMS JAMMU,MD
Anatomy,6,2,2,1,1,0,AIIMS JAMMU,MD
Biochemistry,4,1,1,1,0,1,AIIMS JAMMU,MD
Community Medicine,6,4,1,1,0,0,AIIMS JAMMU,MD
Dermatology,1,0,1,0,0,0,AIIMS JAMMU,MD
ENT,2,0,1,0,0,1,AIIMS JAMMU,MS
Forensic Medicine & Toxicology,3,2,1,0,0,0,AIIMS JAMMU,MD
General Medicine,4,1,1,0,1,1,AIIMS JAMMU,MD
General Surgery,4,2,1,1,0,0,AIIMS JAMMU,MS
Hospital Administration,2,1,1,0,0,0,AIIMS JAMMU,MD
Microbiology,2,1,0,1,0,0,AIIMS JAMMU,MD
Obstetrics & Gynecology,5,3,1,1,0,0,AIIMS JAMMU,MS
Ophthalmology,4,2,1,0,1,0,AIIMS JAMMU,MD
Orthopedics,4,2,1,0,1,0,AIIMS JAMMU,MS
Pathology,4,1,1,0,1,1,AIIMS JAMMU,MD
Paediatrics,2,1,0,1,0,0,AIIMS JAMMU,MD
Pharmacology,5,2,1,0,1,1,AIIMS JAMMU,MD
Physiology,6,2,2,1,0,1,AIIMS JAMMU,MD
Psychiatry,1,1,0,0,0,0,AIIMS JAMMU,MD
Radiology (Radio‐Diagnosis),1,0,1,0,0,0,AIIMS JAMMU,MD
Radiotherapy,3,0,1,1,0,1,AIIMS JAMMU,MD
Transfusion Medicine & Blood Bank,2,1,0,1,0,0,AIIMS JAMMU,MD
Trauma and Emergency Medicine,2,1,1,0,0,0,AIIMS JAMMU,MD
Conservative Dentistry (MDS),2,1,0,1,0,0,AIIMS JAMMU,MDS
Orthodontics (MDS),1,0,1,0,0,0,AIIMS JAMMU,MDS
Oral and Maxillofacial Surgery (MDS),1,1,0,0,0,0,AIIMS JAMMU,MDS
Pediatrics Surgery (MCh 6 Years),2,2,0,0,0,0,AIIMS JAMMU,MCh
Anesthesiology,7,3,2,1,0,1,"AIIMS, RAIPUR",MD
Anatomy,2,0,1,0,0,1,"AIIMS, RAIPUR",MD
Biochemistry,2,1,0,0,1,0,"AIIMS, RAIPUR",MD
Community Medicine,4,2,1,0,1,0,"AIIMS, RAIPUR",MD
Dermatology,2,1,0,1,0,0,"AIIMS, RAIPUR",MD
Emergency Medicine,4,2,1,0,1,0,"AIIMS, RAIPUR",MD
ENT,3,1,1,0,0,1,"AIIMS, RAIPUR",MS
Family Medicine,1,0,1,0,0,0,"AIIMS, RAIPUR",MD
Forensic Medicine & Toxicology,1,0,0,1,0,0,"AIIMS, RAIPUR",MD
General Medicine,7,3,2,1,0,1,"AIIMS, RAIPUR",MD
General Surgery,3,1,1,1,0,0,"AIIMS, RAIPUR",MS
Microbiology,3,1,1,1,0,0,"AIIMS, RAIPUR",MD
Nuclear Medicine,1,0,1,0,0,0,"AIIMS, RAIPUR",MD
Obstetrics & Gynaecology,5,2,2,1,0,0,"AIIMS, RAIPUR",MS
Ophthalmology,0,0,0,0,0,0,"AIIMS, RAIPUR",MD
Orthopedics,3,1,1,0,1,0,"AIIMS, RAIPUR",MS
Paediatrics,4,2,1,0,1,0,"AIIMS, RAIPUR",MD
Pathology,5,2,1,1,1,0,"AIIMS, RAIPUR",MD
Pharmacology,2,0,0,1,0,1,"AIIMS, RAIPUR",MD
Physical Medicine and Rehabilitation,1,0,1,0,0,0,"AIIMS, RAIPUR",MD
Physiology,2,1,0,0,0,1,"AIIMS, RAIPUR",MD
Psychiatry,3,1,0,1,0,1,"AIIMS, RAIPUR",MD
Radiodiagnosis,3,1,1,1,0,0,"AIIMS, RAIPUR",MD
Radiotherapy,1,0,1,0,0,0,"AIIMS, RAIPUR",MD
Transfusion Medicine,3,1,1,0,1,0,"AIIMS, RAIPUR",MD
Oral & Maxillofacial Surgery (MDS),2,1,1,0,0,0,"AIIMS, RAIPUR",MDS
Paediatric and Preventive Dentistry (MDS),1,1,0,0,0,0,"AIIMS, RAIPUR",MDS
Cardiothoracic and Vascular Surgery (CTVS) MCh 6 Years,1,1,0,0,0,0,"AIIMS, RAIPUR",MCh
Anatomy,2,1,1,0,0,0,"AIIMS, RAEBARELI",MD
Anesthesia,2,1,0,0,1,0,"AIIMS, RAEBARELI",MD
Biochemistry,3,0,1,1,0,1,"AIIMS, RAEBARELI",MD
Community Medicine,2,1,1,0,0,0,"AIIMS, RAEBARELI",MD
Dermatology,0,0,0,0,0,0,"AIIMS, RAEBARELI",MD
ENT,2,2,0,0,0,0,"AIIMS, RAEBARELI",MS
Forensic Medicine,2,0,1,0,0,1,"AIIMS, RAEBARELI",MD
General Medicine,2,1,0,1,0,0,"AIIMS, RAEBARELI",MD
General Surgery,2,1,1,0,0,0,"AIIMS, RAEBARELI",MS
Microbiology,2,1,0,0,0,1,"AIIMS, RAEBARELI",MD
Obstetrics & Gynecology,2,0,1,0,1,0,"AIIMS, RAEBARELI",MS
Orthopedics,0,0,0,0,0,0,"AIIMS, RAEBARELI",MS
Paediatrics,2,0,0,2,0,0,"AIIMS, RAEBARELI",MD
Pathology & Lab Medicine,2,0,2,0,0,0,"AIIMS, RAEBARELI",MD
Physical Medicine & Rehabilitation,1,1,0,0,0,0,"AIIMS, RAEBARELI",MD
Psychiatry,0,0,0,0,0,0,"AIIMS, RAEBARELI",MD
Pharmacology,1,1,0,0,0,0,"AIIMS, RAEBARELI",MD
Physiology,2,2,0,0,0,0,"AIIMS, RAEBARELI",MD
Transfusion Medicine & Blood Bank,2,1,1,0,0,0,"AIIMS, RAEBARELI",MD
Ophthalmology,1,0,0,0,1,0,"AIIMS, RAEBARELI",MD
Neurology (DM 6 Years),2,2,0,0,0,0,"AIIMS, RAEBARELI",DM
Pediatrics Surgery (MCh 6 Years),2,2,0,0,0,0,"AIIMS, RAEBARELI",MCh
Neurosurgery (MCh 6 Years),2,2,0,0,0,0,"AIIMS, RAEBARELI",MCh
Anesthesiology,2,1,1,0,0,0,"AIIMS, BHUBANESWAR",MD
Anatomy,4,2,1,1,0,0,"AIIMS, BHUBANESWAR",MD
Biochemistry,2,1,1,0,0,0,"AIIMS, BHUBANESWAR",MD
Community Medicine,6,3,2,0,0,1,"AIIMS, BHUBANESWAR",MD
Dermatology,2,1,1,0,0,0,"AIIMS, BHUBANESWAR",MD
Emergency Medicine,2,1,0,0,0,1,"AIIMS, BHUBANESWAR",MD
ENT,2,1,1,0,0,0,"AIIMS, BHUBANESWAR",MS
Forensic Medicine & Toxicology,3,1,1,0,0,1,"AIIMS, BHUBANESWAR",MD
General Medicine,6,3,2,1,0,0,"AIIMS, BHUBANESWAR",MD
General Surgery,4,2,1,1,0,0,"AIIMS, BHUBANESWAR",MS
Hospital Administration,3,2,1,0,0,0,"AIIMS, BHUBANESWAR",MD
Microbiology,1,0,1,0,0,0,"AIIMS, BHUBANESWAR",MD
Nuclear Medicine,1,1,0,0,0,0,"AIIMS, BHUBANESWAR",MD
Obstetrics & Gynaecology,3,1,1,0,0,1,"AIIMS, BHUBANESWAR",MS
Ophthalmology,2,1,1,0,0,0,"AIIMS, BHUBANESWAR",MD
Orthopedics,3,2,0,0,0,1,"AIIMS, BHUBANESWAR",MS
Orthodontics (MDS),1,0,1,0,0,0,"AIIMS, BHUBANESWAR",MDS
Paediatrics,4,0,1,1,1,1,"AIIMS, BHUBANESWAR",MD
Pathology,4,2,1,1,0,0,"AIIMS, BHUBANESWAR",MD
Pharmacology,1,0,1,0,0,0,"AIIMS, BHUBANESWAR",MD
Physiology,1,0,0,1,0,0,"AIIMS, BHUBANESWAR",MD
Physical Medicine & Rehabilitation,1,1,0,0,0,0,"AIIMS, BHUBANESWAR",MD
Psychiatry,2,0,1,1,0,0,"AIIMS, BHUBANESWAR",MD
Radiodiagnosis,6,4,1,1,0,0,"AIIMS, BHUBANESWAR",MD
Radiation Oncology,1,0,1,0,0,0,"AIIMS, BHUBANESWAR",MD
Transfusion Medicine,3,2,1,0,0,0,"AIIMS, BHUBANESWAR",MD
Pediatrics Surgery (MCh 6 Years),1,1,0,0,0,0,"AIIMS, BHUBANESWAR",MCh
Anesthesiology,9,0,0,0,0,0,"JIPMER, PUDUCHERRY",MD
Anatomy,2,0,0,0,0,0,"JIPMER, PUDUCHERRY",MD
Biochemistry,2,0,0,0,0,0,"JIPMER, PUDUCHERRY",MD
Community Medicine,4,0,0,0,0,0,"JIPMER, PUDUCHERRY",MD
"Dermatology, Venereology & Leprology",5,0,0,0,0,0,"JIPMER, PUDUCHERRY",MD
Emergency Medicine,5,0,0,0,0,0,"JIPMER, PUDUCHERRY",MD
Forensic Medicine,2,0,0,0,0,0,"JIPMER, PUDUCHERRY",MD
General Medicine,12,0,0,0,0,0,"JIPMER, PUDUCHERRY",MD
Immuno Hematology & Blood Transfusion,1,0,0,0,0,0,"JIPMER, PUDUCHERRY",MD
Microbiology,3,0,0,0,0,0,"JIPMER, PUDUCHERRY",MD
Nuclear Medicine,2,0,0,0,0,0,"JIPMER, PUDUCHERRY",MD
Pathology,4,0,0,0,0,0,"JIPMER, PUDUCHERRY",MD
Paediatrics,9,0,0,0,0,0,"JIPMER, PUDUCHERRY",MD
Pharmacology,4,0,0,0,0,0,"JIPMER, PUDUCHERRY",MD
Physiology,2,0,0,0,0,0,"JIPMER, PUDUCHERRY",MD
Psychiatry,2,0,0,0,0,0,"JIPMER, PUDUCHERRY",MD
Pulmonary Medicine,3,0,0,0,0,0,"JIPMER, PUDUCHERRY",MD
Radiodiagnosis,7,0,0,0,0,0,"JIPMER, PUDUCHERRY",MD
Radiation Oncology,5,0,0,0,0,0,"JIPMER, PUDUCHERRY",MD
General Surgery,10,0,0,0,0,0,"JIPMER, PUDUCHERRY",MS
Obst. & Gynae,10,0,0,0,0,0,"JIPMER, PUDUCHERRY",MS
Ophthalmology,4,0,0,0,0,0,"JIPMER, PUDUCHERRY",MS
Orthopedics Surgery,5,0,0,0,0,0,"JIPMER, PUDUCHERRY",MS
Otorhinolaryngology,4,0,0,0,0,0,"JIPMER, PUDUCHERRY",MS
Neurosurgery (MCh 6 Years),0,0,0,0,0,0,"JIPMER, PUDUCHERRY",MCh
Paediatric Surgery  (MCh 6 Years),0,0,0,0,0,0,"JIPMER, PUDUCHERRY",MCh
Orthodontics & Dentofacial Orthopedics (MDS),1,0,0,0,0,0,"JIPMER, PUDUCHERRY",MDS
Oral & Maxillofacial Surgery (MDS),1,0,0,0,0,0,"JIPMER, PUDUCHERRY",MDS
Physical Medicine & Rehabilitation*,2,2,0,0,0,0,"NIMHANS, BENGALURU",MD
Psychiatry,12,7,2,1,1,1,"NIMHANS, BENGALURU",MD
Psychiatry (Karnataka Domicile Category),4,2,1,0,0,1,"NIMHANS, BENGALURU",MD
Psychiatry (North-Eastern Domicile)**,3,1,1,0,1,0,"NIMHANS, BENGALURU",MD
Neurology (DM 6 years) *,4,4,0,0,0,0,"NIMHANS, BENGALURU",DM
Neurosurgery (MCh 6 Years) *,2,2,0,0,0,0,"NIMHANS, BENGALURU",MCh
Anesthesiology & Intensive Care,16,7,5,3,1,0,"PGIMER, Chandigarh",MD
Biochemistry,1,0,1,0,0,0,"PGIMER, Chandigarh",MD
Community Medicine,2,1,0,1,0,0,"PGIMER, Chandigarh",MD
"Dermatology, Venereology & Leprology",3,3,0,0,0,0,"PGIMER, Chandigarh",MD
Otorhinolaryngology,3,2,1,0,0,0,"PGIMER, Chandigarh",MS
Forensic Medicine,0,0,0,0,0,0,"PGIMER, Chandigarh",MD
Medicine,17,9,5,2,1,0,"PGIMER, Chandigarh",MD
Microbiology,3,2,1,0,0,0,"PGIMER, Chandigarh",MD
Nuclear Medicine,2,2,0,0,0,0,"PGIMER, Chandigarh",MD
Obstetrics & Gynaecology,7,4,2,1,0,0,"PGIMER, Chandigarh",MD
Ophthalmology,5,3,1,1,0,0,"PGIMER, Chandigarh",MS
Orthopaedic Surgery,4,2,1,1,0,0,"PGIMER, Chandigarh",MS
Pathology,6,2,2,1,1,0,"PGIMER, Chandigarh",MD
Paediatrics,17,8,5,3,1,0,"PGIMER, Chandigarh",MD
Pharmacology,2,0,1,0,1,0,"PGIMER, Chandigarh",MD
Psychiatry,4,3,1,0,0,0,"PGIMER, Chandigarh",MD
Radiodiagnosis and Imaging,5,1,2,1,1,0,"PGIMER, Chandigarh",MD
Radiotherapy and Clinical Oncology,2,1,0,0,1,0,"PGIMER, Chandigarh",MD
General Surgery,16,8,5,2,1,0,"PGIMER, Chandigarh",MS
Transfusion Medicine,3,2,0,0,1,0,"PGIMER, Chandigarh",MD
Hospital Administration,1,0,0,1,0,0,"PGIMER, Chandigarh",MD
Orthodontics & Dentofacial Orthopedics,2,1,1,0,0,0,"PGIMER, Chandigarh",MDS
Pedodontics & Preventive Dentistry,2,1,0,1,0,0,"PGIMER, Chandigarh",MDS
Oral & Maxillofacial Surgery,2,1,0,0,1,0,"PGIMER, Chandigarh",MDS
Prosthodontics & Crown and Bridge,3,1,1,0,1,0,"PGIMER, Chandigarh",MDS
Transfusion Medicine,0,0,0,0,0,0,SCTIMST Trivandrum,MD